repetition,dataset-slice,file-slice,file-un-slice,file-np-slice,dataset-patch,file-patch,file-un-patch,file-np-patch,dataset-full,file-full,file-un-full,file-np-full
0,0.1870582103729248,221.46084904670715,34.28490209579468,19.63099241256714,0.15123891830444336,14.45720362663269,2.501727819442749,1.3841423988342285,0.048349618911743164,1.20737886428833,0.1822044849395752,0.10780954360961914
1,0.17164897918701172,215.58455729484558,31.52800989151001,18.173967599868774,0.13901996612548828,14.035061120986938,2.1199238300323486,1.2792365550994873,0.04490470886230469,1.1704351902008057,0.17186951637268066,0.10045981407165527
2,0.16789889335632324,214.37670850753784,31.820669889450073,18.34538507461548,0.14052700996398926,14.022001504898071,2.1335253715515137,1.2868127822875977,0.04491710662841797,1.160811424255371,0.17246770858764648,0.10126018524169922
3,0.17033720016479492,214.16920566558838,31.567684173583984,18.17685294151306,0.13831210136413574,14.160011053085327,2.1142473220825195,1.2796719074249268,0.044405460357666016,1.1636557579040527,0.17261028289794922,0.10065078735351562
4,0.16971254348754883,219.78644967079163,31.788913249969482,18.305773496627808,0.1407485008239746,13.96318244934082,2.1244466304779053,1.2823691368103027,0.045299530029296875,1.1648519039154053,0.1723461151123047,0.10056042671203613
