repetition,dataset-slice,file-slice,file-un-slice,dataset-patch,file-patch,file-un-patch,dataset-full,file-full,file-un-full
0,0.17525076866149902,225.30134510993958,38.23830604553223,0.16305756568908691,14.541184902191162,2.3888437747955322,0.05208873748779297,1.1994798183441162,0.18690776824951172
1,0.17392396926879883,218.6818265914917,35.4611382484436,0.1590559482574463,14.58547329902649,2.492875099182129,0.053588151931762695,1.2203476428985596,0.19459056854248047
2,0.17918014526367188,224.21755981445312,31.752276182174683,0.14100003242492676,14.65318751335144,2.1638715267181396,0.04782223701477051,1.2102901935577393,0.1711575984954834
3,0.16218829154968262,222.05277109146118,33.654022455215454,0.15407872200012207,14.500150442123413,2.2233715057373047,0.050205230712890625,1.2072770595550537,0.17788481712341309
4,0.17007732391357422,224.4838001728058,34.17381286621094,0.1573166847229004,15.169185638427734,2.402689218521118,0.050887107849121094,1.2008202075958252,0.19116449356079102
